Risk Factor,Age,Coefficient (95% CI),P-value,R²,Sample Size
Body Mass Index,9.0,-0.0349 (-0.0613 to -0.0086)**,0.0090,0.0153,5802.0
Body Mass Index,10.0,-0.0394 (-0.0661 to -0.0127)**,0.0040,0.0094,5672.0
Body Mass Index,11.0,-0.0568 (-0.0843 to -0.0293)***,0.0000,0.0154,5374.0
Body Mass Index,12.0,-0.0481 (-0.0766 to -0.0197)**,0.0010,0.0146,5109.0
Body Mass Index,13.0,-0.0490 (-0.0781 to -0.0198)**,0.0010,0.0207,4750.0
Body Mass Index,15.0,-0.0485 (-0.0793 to -0.0178)**,0.0020,0.0236,4197.0
Body Mass Index,17.0,-0.0591 (-0.0918 to -0.0263)***,0.0000,0.0126,3755.0
Body Mass Index,24.0,-0.0852 (-0.1233 to -0.0472)***,0.0000,0.0195,2893.0
High-Density Lipoprotein,9.0,-0.0145 (-0.0479 to 0.0189),0.3950,0.0145,3924.0
High-Density Lipoprotein,10.0,nan (nan to nan),nan,nan,
High-Density Lipoprotein,11.0,nan (nan to nan),nan,nan,
High-Density Lipoprotein,12.0,nan (nan to nan),nan,nan,
High-Density Lipoprotein,13.0,nan (nan to nan),nan,nan,
High-Density Lipoprotein,15.0,-0.0198 (-0.0596 to 0.0200),0.3290,0.0650,2692.0
High-Density Lipoprotein,17.0,0.0176 (-0.0232 to 0.0583),0.3980,0.0872,2473.0
High-Density Lipoprotein,24.0,0.0548 (0.0130 to 0.0966)*,0.0100,0.1406,2366.0
Insulin,9.0,0.0124 (-0.0192 to 0.0439),0.4420,-0.0010,3905.0
Insulin,10.0,nan (nan to nan),nan,nan,
Insulin,11.0,nan (nan to nan),nan,nan,
Insulin,12.0,nan (nan to nan),nan,nan,
Insulin,13.0,nan (nan to nan),nan,nan,
Insulin,15.0,-0.0410 (-0.0693 to -0.0127)**,0.0050,0.0269,2688.0
Insulin,17.0,-0.0358 (-0.0791 to 0.0076),0.1060,0.0074,2434.0
Insulin,24.0,-0.0707 (-0.1148 to -0.0267)**,0.0020,0.0149,2366.0
Low-Density Lipoprotein,9.0,-0.0247 (-0.0575 to 0.0081),0.1400,0.0282,3923.0
Low-Density Lipoprotein,10.0,nan (nan to nan),nan,nan,
Low-Density Lipoprotein,11.0,nan (nan to nan),nan,nan,
Low-Density Lipoprotein,12.0,nan (nan to nan),nan,nan,
Low-Density Lipoprotein,13.0,nan (nan to nan),nan,nan,
Low-Density Lipoprotein,15.0,-0.0336 (-0.0722 to 0.0051),0.0890,0.0330,2692.0
Low-Density Lipoprotein,17.0,0.0116 (-0.0301 to 0.0533),0.5850,0.0309,2473.0
Low-Density Lipoprotein,24.0,-0.0204 (-0.0637 to 0.0229),0.3550,0.0285,2364.0
Systolic Blood Pressure,9.0,-0.0240 (-0.0511 to 0.0032),0.0830,0.0049,5784.0
Systolic Blood Pressure,10.0,-0.0659 (-0.0939 to -0.0378)***,0.0000,0.0098,5466.0
Systolic Blood Pressure,11.0,-0.0311 (-0.0595 to -0.0027)*,0.0320,0.0039,5315.0
Systolic Blood Pressure,12.0,-0.0188 (-0.0475 to 0.0099),0.1990,0.0020,5143.0
Systolic Blood Pressure,13.0,-0.0297 (-0.0616 to 0.0021),0.0670,0.0125,4157.0
Systolic Blood Pressure,15.0,0.0298 (-0.0018 to 0.0613),0.0650,0.0598,4121.0
Systolic Blood Pressure,17.0,-0.0241 (-0.0547 to 0.0064),0.1210,0.2304,3522.0
Systolic Blood Pressure,24.0,-0.0385 (-0.0733 to -0.0037)*,0.0300,0.2406,2906.0
Total Cholesterol,9.0,-0.0295 (-0.0625 to 0.0035),0.0800,0.0127,3924.0
Total Cholesterol,10.0,nan (nan to nan),nan,nan,
Total Cholesterol,11.0,nan (nan to nan),nan,nan,
Total Cholesterol,12.0,nan (nan to nan),nan,nan,
Total Cholesterol,13.0,nan (nan to nan),nan,nan,
Total Cholesterol,15.0,-0.0278 (-0.0660 to 0.0103),0.1520,0.0756,2692.0
Total Cholesterol,17.0,0.0205 (-0.0198 to 0.0609),0.3180,0.0845,2473.0
Total Cholesterol,24.0,0.0054 (-0.0371 to 0.0479),0.8030,0.0604,2366.0
Triglycerides,9.0,-0.0017 (-0.0354 to 0.0320),0.9210,0.0030,3924.0
Triglycerides,10.0,nan (nan to nan),nan,nan,
Triglycerides,11.0,nan (nan to nan),nan,nan,
Triglycerides,12.0,nan (nan to nan),nan,nan,
Triglycerides,13.0,nan (nan to nan),nan,nan,
Triglycerides,15.0,0.0368 (-0.0021 to 0.0758),0.0640,0.0027,2692.0
Triglycerides,17.0,0.0152 (-0.0261 to 0.0565),0.4720,0.0037,2473.0
Triglycerides,24.0,-0.0002 (-0.0443 to 0.0438),0.9920,0.0294,2365.0
Waist Circumference,9.0,-0.0181 (-0.0443 to 0.0081),0.1750,0.0172,5854.0
Waist Circumference,10.0,-0.0262 (-0.0529 to 0.0005),0.0550,0.0098,5698.0
Waist Circumference,11.0,-0.0498 (-0.0774 to -0.0223)***,0.0000,0.0106,5378.0
Waist Circumference,12.0,-0.0478 (-0.0762 to -0.0194)**,0.0010,0.0093,5119.0
Waist Circumference,13.0,-0.0447 (-0.0739 to -0.0154)**,0.0030,0.0116,4746.0
Waist Circumference,15.0,-0.0412 (-0.0759 to -0.0066)*,0.0200,0.0069,3467.0
Waist Circumference,17.0,nan (nan to nan),nan,nan,
Waist Circumference,24.0,-0.0887 (-0.1256 to -0.0519)***,0.0000,0.1140,2888.0
bp_di,9.0,-0.0304 (-0.0578 to -0.0030)*,0.0300,0.0024,5786.0
bp_di,10.0,-0.0669 (-0.0947 to -0.0391)***,0.0000,0.0127,5466.0
bp_di,11.0,-0.0387 (-0.0671 to -0.0103)**,0.0080,0.0037,5315.0
bp_di,12.0,-0.0013 (-0.0301 to 0.0276),0.9300,-0.0006,5143.0
bp_di,13.0,-0.0330 (-0.0649 to -0.0012)*,0.0420,0.0130,4157.0
bp_di,15.0,-0.0364 (-0.0690 to -0.0039)*,0.0280,0.0050,4121.0
bp_di,17.0,-0.0723 (-0.1067 to -0.0379)***,0.0000,0.0270,3522.0
bp_di,24.0,-0.0454 (-0.0846 to -0.0061)*,0.0240,0.0186,2906.0
glc_met,9.0,-0.0227 (-0.0574 to 0.0120),0.2000,0.0075,3779.0
glc_met,10.0,nan (nan to nan),nan,nan,
glc_met,11.0,nan (nan to nan),nan,nan,
glc_met,12.0,nan (nan to nan),nan,nan,
glc_met,13.0,nan (nan to nan),nan,nan,
glc_met,15.0,-0.0420 (-0.0794 to -0.0046)*,0.0280,0.0455,2593.0
glc_met,17.0,0.0401 (-0.0041 to 0.0843),0.0760,0.0405,2389.0
glc_met,24.0,-0.0009 (-0.0395 to 0.0376),0.9620,0.0625,2365.0
